Code,Name,Status
RCF,AIREDALE NHS FOUNDATION TRUST,Open
RBS,ALDER HEY CHILDREN'S NHS FOUNDATION TRUST,Open
RTK,ASHFORD AND ST PETER'S HOSPITALS NHS FOUNDATION TRUST,Open
RVN,AVON AND WILTSHIRE MENTAL HEALTH PARTNERSHIP NHS TRUST,Open
RF4,"BARKING, HAVERING AND REDBRIDGE UNIVERSITY HOSPITALS NHS TRUST",Open
RRP,"BARNET, ENFIELD AND HARINGEY MENTAL HEALTH NHS TRUST",Open
RFF,BARNSLEY HOSPITAL NHS FOUNDATION TRUST,Open
R1H,BARTS HEALTH NHS TRUST,Open
RC9,BEDFORDSHIRE HOSPITALS NHS FOUNDATION TRUST,Open
RWX,BERKSHIRE HEALTHCARE NHS FOUNDATION TRUST,Open
RXT,BIRMINGHAM AND SOLIHULL MENTAL HEALTH NHS FOUNDATION TRUST,Open
RYW,BIRMINGHAM COMMUNITY HEALTHCARE NHS FOUNDATION TRUST,Open
RQ3,BIRMINGHAM WOMEN'S AND CHILDREN'S NHS FOUNDATION TRUST,Open
RXL,BLACKPOOL TEACHING HOSPITALS NHS FOUNDATION TRUST,Open
RMC,BOLTON NHS FOUNDATION TRUST,Open
RAE,BRADFORD TEACHING HOSPITALS NHS FOUNDATION TRUST,Open
RY2,BRIDGEWATER COMMUNITY HEALTHCARE NHS FOUNDATION TRUST,Open
RXH,BRIGHTON AND SUSSEX UNIVERSITY HOSPITALS NHS TRUST,Open
RXQ,BUCKINGHAMSHIRE HEALTHCARE NHS TRUST,Open
RWY,CALDERDALE AND HUDDERSFIELD NHS FOUNDATION TRUST,Open
RGT,CAMBRIDGE UNIVERSITY HOSPITALS NHS FOUNDATION TRUST,Open
RT1,CAMBRIDGESHIRE AND PETERBOROUGH NHS FOUNDATION TRUST,Open
RYV,CAMBRIDGESHIRE COMMUNITY SERVICES NHS TRUST,Open
RV3,CENTRAL AND NORTH WEST LONDON NHS FOUNDATION TRUST,Open
RYX,CENTRAL LONDON COMMUNITY HEALTHCARE NHS TRUST,Open
RQM,CHELSEA AND WESTMINSTER HOSPITAL NHS FOUNDATION TRUST,Open
RXA,CHESHIRE AND WIRRAL PARTNERSHIP NHS FOUNDATION TRUST,Open
RFS,CHESTERFIELD ROYAL HOSPITAL NHS FOUNDATION TRUST,Open
RJ8,CORNWALL PARTNERSHIP NHS FOUNDATION TRUST,Open
RJR,COUNTESS OF CHESTER HOSPITAL NHS FOUNDATION TRUST,Open
RXP,COUNTY DURHAM AND DARLINGTON NHS FOUNDATION TRUST,Open
RYG,COVENTRY AND WARWICKSHIRE PARTNERSHIP NHS TRUST,Open
RJ6,CROYDON HEALTH SERVICES NHS TRUST,Open
RX4,"CUMBRIA, NORTHUMBERLAND, TYNE AND WEAR NHS FOUNDATION TRUST",Open
RN7,DARTFORD AND GRAVESHAM NHS TRUST,Open
RY8,DERBYSHIRE COMMUNITY HEALTH SERVICES NHS FOUNDATION TRUST,Open
RXM,DERBYSHIRE HEALTHCARE NHS FOUNDATION TRUST,Open
RWV,DEVON PARTNERSHIP NHS TRUST,Open
RP5,DONCASTER AND BASSETLAW TEACHING HOSPITALS NHS FOUNDATION TRUST,Open
RBD,DORSET COUNTY HOSPITAL NHS FOUNDATION TRUST,Open
RDY,DORSET HEALTHCARE UNIVERSITY NHS FOUNDATION TRUST,Open
RYK,DUDLEY INTEGRATED HEALTH AND CARE NHS TRUST,Open
RWH,EAST AND NORTH HERTFORDSHIRE NHS TRUST,Open
RJN,EAST CHESHIRE NHS TRUST,Open
RVV,EAST KENT HOSPITALS UNIVERSITY NHS FOUNDATION TRUST,Open
RXR,EAST LANCASHIRE HOSPITALS NHS TRUST,Open
RWK,EAST LONDON NHS FOUNDATION TRUST,Open
RX9,EAST MIDLANDS AMBULANCE SERVICE NHS TRUST,Open
RYC,EAST OF ENGLAND AMBULANCE SERVICE NHS TRUST,Open
RDE,EAST SUFFOLK AND NORTH ESSEX NHS FOUNDATION TRUST,Open
RXC,EAST SUSSEX HEALTHCARE NHS TRUST,Open
RVR,EPSOM AND ST HELIER UNIVERSITY HOSPITALS NHS TRUST,Open
R1L,ESSEX PARTNERSHIP UNIVERSITY NHS FOUNDATION TRUST,Open
RDU,FRIMLEY HEALTH NHS FOUNDATION TRUST,Open
RR7,GATESHEAD HEALTH NHS FOUNDATION TRUST,Open
RLT,GEORGE ELIOT HOSPITAL NHS TRUST,Open
RTQ,GLOUCESTERSHIRE HEALTH AND CARE NHS FOUNDATION TRUST,Open
RTE,GLOUCESTERSHIRE HOSPITALS NHS FOUNDATION TRUST,Open
RP4,GREAT ORMOND STREET HOSPITAL FOR CHILDREN NHS FOUNDATION TRUST,Open
RN3,GREAT WESTERN HOSPITALS NHS FOUNDATION TRUST,Open
RXV,GREATER MANCHESTER MENTAL HEALTH NHS FOUNDATION TRUST,Open
RJ1,GUY'S AND ST THOMAS' NHS FOUNDATION TRUST,Open
RN5,HAMPSHIRE HOSPITALS NHS FOUNDATION TRUST,Open
RCD,HARROGATE AND DISTRICT NHS FOUNDATION TRUST,Open
R1A,HEREFORDSHIRE AND WORCESTERSHIRE HEALTH AND CARE NHS TRUST,Open
RY4,HERTFORDSHIRE COMMUNITY NHS TRUST,Open
RWR,HERTFORDSHIRE PARTNERSHIP UNIVERSITY NHS FOUNDATION TRUST,Open
RQX,HOMERTON UNIVERSITY HOSPITAL NHS FOUNDATION TRUST,Open
RY9,HOUNSLOW AND RICHMOND COMMUNITY HEALTHCARE NHS TRUST,Open
RWA,HULL UNIVERSITY TEACHING HOSPITALS NHS TRUST,Open
RV9,HUMBER TEACHING NHS FOUNDATION TRUST,Open
RYJ,IMPERIAL COLLEGE HEALTHCARE NHS TRUST,Open
R1F,ISLE OF WIGHT NHS TRUST,Open
RGP,JAMES PAGET UNIVERSITY HOSPITALS NHS FOUNDATION TRUST,Open
RXY,KENT AND MEDWAY NHS AND SOCIAL CARE PARTNERSHIP TRUST,Open
RYY,KENT COMMUNITY HEALTH NHS FOUNDATION TRUST,Open
RNQ,KETTERING GENERAL HOSPITAL NHS FOUNDATION TRUST,Open
RJZ,KING'S COLLEGE HOSPITAL NHS FOUNDATION TRUST,Open
RAX,KINGSTON HOSPITAL NHS FOUNDATION TRUST,Open
RW5,LANCASHIRE & SOUTH CUMBRIA NHS FOUNDATION TRUST,Open
RXN,LANCASHIRE TEACHING HOSPITALS NHS FOUNDATION TRUST,Open
RGD,LEEDS AND YORK PARTNERSHIP NHS FOUNDATION TRUST,Open
RY6,LEEDS COMMUNITY HEALTHCARE NHS TRUST,Open
RR8,LEEDS TEACHING HOSPITALS NHS TRUST,Open
RT5,LEICESTERSHIRE PARTNERSHIP NHS TRUST,Open
RJ2,LEWISHAM AND GREENWICH NHS TRUST,Open
RY5,LINCOLNSHIRE COMMUNITY HEALTH SERVICES NHS TRUST,Open
RP7,LINCOLNSHIRE PARTNERSHIP NHS FOUNDATION TRUST,Open
RBQ,LIVERPOOL HEART AND CHEST HOSPITAL NHS FOUNDATION TRUST,Open
REM,LIVERPOOL UNIVERSITY HOSPITALS NHS FOUNDATION TRUST,Open
REP,LIVERPOOL WOMEN'S NHS FOUNDATION TRUST,Open
RRU,LONDON AMBULANCE SERVICE NHS TRUST,Open
R1K,LONDON NORTH WEST UNIVERSITY HEALTHCARE NHS TRUST,Open
RWF,MAIDSTONE AND TUNBRIDGE WELLS NHS TRUST,Open
R0A,MANCHESTER UNIVERSITY NHS FOUNDATION TRUST,Open
RPA,MEDWAY NHS FOUNDATION TRUST,Open
RW4,MERSEY CARE NHS FOUNDATION TRUST,Open
RAJ,MID AND SOUTH ESSEX NHS FOUNDATION TRUST,Open
RBT,MID CHESHIRE HOSPITALS NHS FOUNDATION TRUST,Open
RJD,MID STAFFORDSHIRE NHS FOUNDATION TRUST,Open
RXF,MID YORKSHIRE HOSPITALS NHS TRUST,Open
RRE,MIDLANDS PARTNERSHIP NHS FOUNDATION TRUST,Open
RD8,MILTON KEYNES UNIVERSITY HOSPITAL NHS FOUNDATION TRUST,Open
RP6,MOORFIELDS EYE HOSPITAL NHS FOUNDATION TRUST,Open
RM1,NORFOLK AND NORWICH UNIVERSITY HOSPITALS NHS FOUNDATION TRUST,Open
RMY,NORFOLK AND SUFFOLK NHS FOUNDATION TRUST,Open
RY3,NORFOLK COMMUNITY HEALTH AND CARE NHS TRUST,Open
RVJ,NORTH BRISTOL NHS TRUST,Open
RNN,NORTH CUMBRIA INTEGRATED CARE NHS FOUNDATION TRUST,Open
RX6,NORTH EAST AMBULANCE SERVICE NHS FOUNDATION TRUST,Open
RAT,NORTH EAST LONDON NHS FOUNDATION TRUST,Open
RAP,NORTH MIDDLESEX UNIVERSITY HOSPITAL NHS TRUST,Open
RLY,NORTH STAFFORDSHIRE COMBINED HEALTHCARE NHS TRUST,Open
RVW,NORTH TEES AND HARTLEPOOL NHS FOUNDATION TRUST,Open
RX7,NORTH WEST AMBULANCE SERVICE NHS TRUST,Open
RGN,NORTH WEST ANGLIA NHS FOUNDATION TRUST,Open
RTV,NORTH WEST BOROUGHS HEALTHCARE NHS FOUNDATION TRUST,Open
RNS,NORTHAMPTON GENERAL HOSPITAL NHS TRUST,Open
RP1,NORTHAMPTONSHIRE HEALTHCARE NHS FOUNDATION TRUST,Open
RBZ,NORTHERN DEVON HEALTHCARE NHS TRUST,Open
RJL,NORTHERN LINCOLNSHIRE AND GOOLE NHS FOUNDATION TRUST,Open
RTF,NORTHUMBRIA HEALTHCARE NHS FOUNDATION TRUST,Open
RX1,NOTTINGHAM UNIVERSITY HOSPITALS NHS TRUST,Open
RHA,NOTTINGHAMSHIRE HEALTHCARE NHS FOUNDATION TRUST,Open
RNU,OXFORD HEALTH NHS FOUNDATION TRUST,Open
RTH,OXFORD UNIVERSITY HOSPITALS NHS FOUNDATION TRUST,Open
RPG,OXLEAS NHS FOUNDATION TRUST,Open
RW6,PENNINE ACUTE HOSPITALS NHS TRUST,Open
RT2,PENNINE CARE NHS FOUNDATION TRUST,Open
RHU,PORTSMOUTH HOSPITALS UNIVERSITY NATIONAL HEALTH SERVICE TRUST,Open
RYT,PUBLIC HEALTH WALES NHS TRUST,Open
RPC,QUEEN VICTORIA HOSPITAL NHS FOUNDATION TRUST,Open
RXE,ROTHERHAM DONCASTER AND SOUTH HUMBER NHS FOUNDATION TRUST,Open
RHW,ROYAL BERKSHIRE NHS FOUNDATION TRUST,Open
RT3,ROYAL BROMPTON & HAREFIELD NHS FOUNDATION TRUST,Open
REF,ROYAL CORNWALL HOSPITALS NHS TRUST,Open
RH8,ROYAL DEVON AND EXETER NHS FOUNDATION TRUST,Open
RAL,ROYAL FREE LONDON NHS FOUNDATION TRUST,Open
RAN,ROYAL NATIONAL ORTHOPAEDIC HOSPITAL NHS TRUST,Open
RGM,ROYAL PAPWORTH HOSPITAL NHS FOUNDATION TRUST,Open
RA2,ROYAL SURREY COUNTY HOSPITAL NHS FOUNDATION TRUST,Open
RD1,ROYAL UNITED HOSPITALS BATH NHS FOUNDATION TRUST,Open
RM3,SALFORD ROYAL NHS FOUNDATION TRUST,Open
RNZ,SALISBURY NHS FOUNDATION TRUST,Open
RXK,SANDWELL AND WEST BIRMINGHAM HOSPITALS NHS TRUST,Open
RCU,SHEFFIELD CHILDREN'S NHS FOUNDATION TRUST,Open
RHQ,SHEFFIELD TEACHING HOSPITALS NHS FOUNDATION TRUST,Open
RK5,SHERWOOD FOREST HOSPITALS NHS FOUNDATION TRUST,Open
R1D,SHROPSHIRE COMMUNITY HEALTH NHS TRUST,Open
R1C,SOLENT NHS TRUST,Open
RH5,SOMERSET NHS FOUNDATION TRUST,Open
RYE,SOUTH CENTRAL AMBULANCE SERVICE NHS FOUNDATION TRUST,Open
RYD,SOUTH EAST COAST AMBULANCE SERVICE NHS FOUNDATION TRUST,Open
RV5,SOUTH LONDON AND MAUDSLEY NHS FOUNDATION TRUST,Open
RTR,SOUTH TEES HOSPITALS NHS FOUNDATION TRUST,Open
R0B,SOUTH TYNESIDE AND SUNDERLAND NHS FOUNDATION TRUST,Open
RJC,SOUTH WARWICKSHIRE NHS FOUNDATION TRUST,Open
RQY,SOUTH WEST LONDON AND ST GEORGE'S MENTAL HEALTH NHS TRUST,Open
RXG,SOUTH WEST YORKSHIRE PARTNERSHIP NHS FOUNDATION TRUST,Open
RYF,SOUTH WESTERN AMBULANCE SERVICE NHS FOUNDATION TRUST,Open
RW1,SOUTHERN HEALTH NHS FOUNDATION TRUST,Open
RVY,SOUTHPORT AND ORMSKIRK HOSPITAL NHS TRUST,Open
RJ7,ST GEORGE'S UNIVERSITY HOSPITALS NHS FOUNDATION TRUST,Open
RBN,ST HELENS AND KNOWSLEY TEACHING HOSPITALS NHS TRUST,Open
RWJ,STOCKPORT NHS FOUNDATION TRUST,Open
RXX,SURREY AND BORDERS PARTNERSHIP NHS FOUNDATION TRUST,Open
RTP,SURREY AND SUSSEX HEALTHCARE NHS TRUST,Open
RDR,SUSSEX COMMUNITY NHS FOUNDATION TRUST,Open
RX2,SUSSEX PARTNERSHIP NHS FOUNDATION TRUST,Open
RMP,TAMESIDE AND GLOSSOP INTEGRATED CARE NHS FOUNDATION TRUST,Open
RNK,TAVISTOCK AND PORTMAN NHS FOUNDATION TRUST,Open
RX3,"TEES, ESK AND WEAR VALLEYS NHS FOUNDATION TRUST",Open
RBV,THE CHRISTIE NHS FOUNDATION TRUST,Open
REN,THE CLATTERBRIDGE CANCER CENTRE NHS FOUNDATION TRUST,Open
RNA,THE DUDLEY GROUP NHS FOUNDATION TRUST,Open
RAS,THE HILLINGDON HOSPITALS NHS FOUNDATION TRUST,Open
RTD,THE NEWCASTLE UPON TYNE HOSPITALS NHS FOUNDATION TRUST,Open
RQW,THE PRINCESS ALEXANDRA HOSPITAL NHS TRUST,Open
RCX,"THE QUEEN ELIZABETH HOSPITAL, KING'S LYNN, NHS FOUNDATION TRUST",Open
RL1,THE ROBERT JONES AND AGNES HUNT ORTHOPAEDIC HOSPITAL NHS FOUNDATION TRUST,Open
RFR,THE ROTHERHAM NHS FOUNDATION TRUST,Open
RPY,THE ROYAL MARSDEN NHS FOUNDATION TRUST,Open
RRJ,THE ROYAL ORTHOPAEDIC HOSPITAL NHS FOUNDATION TRUST,Open
RL4,THE ROYAL WOLVERHAMPTON NHS TRUST,Open
RXW,THE SHREWSBURY AND TELFORD HOSPITAL NHS TRUST,Open
RET,THE WALTON CENTRE NHS FOUNDATION TRUST,Open
RA9,TORBAY AND SOUTH DEVON NHS FOUNDATION TRUST,Open
RWD,UNITED LINCOLNSHIRE HOSPITALS NHS TRUST,Open
RRV,UNIVERSITY COLLEGE LONDON HOSPITALS NHS FOUNDATION TRUST,Open
RHM,UNIVERSITY HOSPITAL SOUTHAMPTON NHS FOUNDATION TRUST,Open
RRK,UNIVERSITY HOSPITALS BIRMINGHAM NHS FOUNDATION TRUST,Open
RA7,UNIVERSITY HOSPITALS BRISTOL AND WESTON NHS FOUNDATION TRUST,Open
RKB,UNIVERSITY HOSPITALS COVENTRY AND WARWICKSHIRE NHS TRUST,Open
R0D,UNIVERSITY HOSPITALS DORSET NHS FOUNDATION TRUST,Open
RTG,UNIVERSITY HOSPITALS OF DERBY AND BURTON NHS FOUNDATION TRUST,Open
RWE,UNIVERSITY HOSPITALS OF LEICESTER NHS TRUST,Open
RTX,UNIVERSITY HOSPITALS OF MORECAMBE BAY NHS FOUNDATION TRUST,Open
RJE,UNIVERSITY HOSPITALS OF NORTH MIDLANDS NHS TRUST,Open
RK9,UNIVERSITY HOSPITALS PLYMOUTH NHS TRUST,Open
RQF,VELINDRE NHS TRUST,Open
RBK,WALSALL HEALTHCARE NHS TRUST,Open
RWW,WARRINGTON AND HALTON TEACHING HOSPITALS NHS FOUNDATION TRUST,Open
RT4,WELSH AMBULANCE SERVICES NHS TRUST,Open
RWG,WEST HERTFORDSHIRE HOSPITALS NHS TRUST,Open
RKL,WEST LONDON NHS TRUST,Open
RYA,WEST MIDLANDS AMBULANCE SERVICE UNIVERSITY NHS FOUNDATION TRUST,Open
RGR,WEST SUFFOLK NHS FOUNDATION TRUST,Open
RYR,WESTERN SUSSEX HOSPITALS NHS FOUNDATION TRUST,Open
RKE,WHITTINGTON HEALTH NHS TRUST,Open
RY7,WIRRAL COMMUNITY HEALTH AND CARE NHS FOUNDATION TRUST,Open
RBL,WIRRAL UNIVERSITY TEACHING HOSPITAL NHS FOUNDATION TRUST,Open
RWP,WORCESTERSHIRE ACUTE HOSPITALS NHS TRUST,Open
RRF,"WRIGHTINGTON, WIGAN AND LEIGH NHS FOUNDATION TRUST",Open
RLQ,WYE VALLEY NHS TRUST,Open
RA4,YEOVIL DISTRICT HOSPITAL NHS FOUNDATION TRUST,Open
RCB,YORK TEACHING HOSPITAL NHS FOUNDATION TRUST,Open
RX8,YORKSHIRE AMBULANCE SERVICE NHS TRUST,Open
RYM,ABERTAWE BRO MORGANNWG UNIVERSITY NHS TRUST,Closed
RM9,ALEXANDRA HEALTH CARE NHS TRUST,Closed
RCL,ALLINGTON NHS TRUST,Closed
RHN,ANDOVER DISTRICT COMMUNITY HEALTH CARE NHS TRUST,Closed
RAH,ANGLIAN HARBOURS NHS TRUST,Closed
RCY,ASHFORD HOSPITAL NHS TRUST,Closed
RB1,AVON AMBULANCE SERVICE NHS TRUST,Closed
RD5,AYLESBURY VALE COMMUNITY HEALTHCARE NHS TRUST,Closed
RVL,BARNET AND CHASE FARM HOSPITALS NHS TRUST,Closed
RCZ,BARNET COMMUNITY HEALTHCARE NHS TRUST,Closed
RCN,BARNSLEY COMMUNITY AND PRIORITY SERVICES NHS TRUST,Closed
RNJ,BARTS AND THE LONDON NHS TRUST,Closed
RDD,BASILDON AND THURROCK UNIVERSITY HOSPITALS NHS FOUNDATION TRUST,Closed
RCP,BASSETLAW HOSPITAL AND COMMUNITY HEALTH SERVICES NHS TRUST,Closed
RD2,BATH AND WEST COMMUNITY NHS TRUST,Closed
RDX,BATH MENTAL HEALTH CARE NHS TRUST,Closed
RTY,BAY COMMUNITY NHS TRUST,Closed
RFT,BEDFORD AND SHIRES HEALTH AND CARE NHS TRUST,Closed
RC1,BEDFORD HOSPITAL NHS TRUST,Closed
RFU,BEDFORDSHIRE AND HERTFORDSHIRE AMBULANCE AND PARAMEDIC SERVICE NHS TRUST,Closed
RV7,BEDFORDSHIRE AND LUTON MENTAL HEALTH AND SOCIAL CARE PARTNERSHIP NHS TRUST,Closed
RG6,BHB COMMUNITY HEALTH CARE NHS TRUST,Closed
REG,BIRMINGHAM HEARTLANDS NHS TRUST,Closed
RL7,BIRMINGHAM HEARTLANDS NHS TRUST,Closed
RWL,BIRMINGHAM SPECIALIST COMMUNITY HEALTH NHS TRUST,Closed
RLU,BIRMINGHAM WOMEN'S NHS FOUNDATION TRUST,Closed
RLA,BISHOP AUCKLAND HOSPITALS NHS TRUST,Closed
RQ4,BLACK COUNTRY MENTAL HEALTH NHS TRUST,Closed
RMB,"BLACKBURN, HYNDBURN AND RIBBLE VALLEY HEALTH CARE NHS TRUST",Closed
RMR,BLACKPOOL VICTORIA HOSPITAL NHS TRUST,Closed
RML,"BLACKPOOL, WYRE AND FYLDE COMMUNITY HEALTH SERVICES NHS TRUST",Closed
RQZ,BOURNEWOOD COMMUNITY AND MENTAL HEALTH NHS TRUST,Closed
RCE,BRADFORD COMMUNITY HEALTH NHS TRUST,Closed
RKQ,BRIDGEND AND DISTRICT NHS TRUST,Closed
RGU,BRIGHTON HEALTH CARE NHS TRUST,Closed
RVD,BRO MORGANNWG NHS TRUST,Closed
RBR,BROADGREEN HOSPITAL NHS TRUST,Closed
RG3,BROMLEY HOSPITALS NHS TRUST,Closed
RWT,BUCKINGHAMSHIRE MENTAL HEALTH NHS TRUST,Closed
REU,BURNLEY HEALTH CARE NHS TRUST,Closed
RJF,BURTON HOSPITALS NHS FOUNDATION TRUST,Closed
RMN,BURY HEALTH CARE NHS TRUST,Closed
RGA,CALDERDALE HEALTHCARE NHS TRUST,Closed
RJX,CALDERSTONES PARTNERSHIP NHS FOUNDATION TRUST,Closed
RHB,CAMDEN AND ISLINGTON COMMUNITY HEALTH SERVICES NHS TRUST,Closed
RRQ,CAMDEN AND ISLINGTON MENTAL HEALTH NHS TRUST,Closed
RGY,CANTERBURY AND THANET COMMUNITY HEALTHCARE NHS TRUST,Closed
RVH,CARDIFF AND DISTRICT COMMUNITY NHS TRUST,Closed
RWM,CARDIFF AND VALE NHS TRUST,Closed
RRN,CARDIFF COMMUNITY HEALTHCARE NHS TRUST,Closed
RLG,CARLISLE HOSPITALS NHS TRUST,Closed
RKT,CARMARTHEN AND DISTRICT NHS TRUST,Closed
RVA,CARMARTHENSHIRE NHS TRUST,Closed
RBU,CENTRAL MANCHESTER HEALTHCARE NHS TRUST,Closed
RW3,CENTRAL MANCHESTER UNIVERSITY HOSPITALS NHS FOUNDATION TRUST,Closed
RAU,CENTRAL MIDDLESEX HOSPITAL NHS TRUST,Closed
RFJ,CENTRAL NOTTINGHAMSHIRE HEALTHCARE NHS TRUST,Closed
RCV,CENTRAL SHEFFIELD UNIVERSITY HOSPITALS NHS TRUST,Closed
RKU,CEREDIGION AND MID WALES NHS TRUST,Closed
RG9,CHASE FARM HOSPITALS NHS TRUST,Closed
RJT,CHESHIRE COMMUNITY HEALTHCARE NHS TRUST,Closed
RBP,CHESTER AND HALTON COMMUNITY NHS TRUST,Closed
RLK,CHEVIOT AND WANSBECK NHS TRUST,Closed
RJU,CHORLEY AND SOUTH RIBBLE NHS TRUST,Closed
RRL,CITY AND HACKNEY COMMUNITY SERVICES NHS TRUST,Closed
RLW,CITY HOSPITAL NHS TRUST,Closed
RLN,CITY HOSPITALS SUNDERLAND NHS FOUNDATION TRUST,Closed
RB2,CLEVELAND AMBULANCE NHS TRUST,Closed
RKJ,CLWYDIAN COMMUNITY CARE NHS TRUST,Closed
RME,COMMUNICARE NHS TRUST,Closed
RKX,COMMUNITY HEALTH CARE SERVICE (NORTH DERBYSHIRE) NHS TRUST,Closed
RLD,COMMUNITY HEALTH CARE: NORTH DURHAM NHS TRUST,Closed
RFE,COMMUNITY HEALTH SERVICES SOUTHERN DERBYSHIRE NHS TRUST,Closed
RK7,COMMUNITY HEALTH SHEFFIELD NHS TRUST,Closed
RV4,COMMUNITY HEALTH SOUTH LONDON NHS TRUST,Closed
RMM,COMMUNITY HEALTHCARE BOLTON NHS TRUST,Closed
RT8,CONWY AND DENBEIGHSHIRE NHS TRUST,Closed
RA6,CORNWALL COMMUNITY HEALTHCARE NHS TRUST,Closed
RTC,COUNTY DURHAM AND DARLINGTON PRIORITY SERVICES NHS TRUST,Closed
RL6,COVENTRY AND WARWICKSHIRE AMBULANCE NHS TRUST,Closed
RNB,COVENTRY HEALTHCARE NHS TRUST,Closed
RHE,CRAWLEY HORSHAM NHS TRUST,Closed
RA0,CROYDON AND SURREY DOWNS COMMUNITY NHS TRUST,Closed
RE6,CUMBRIA AMBULANCE SERVICE NHS TRUST,Closed
RYL,CWM TAF NHS TRUST,Closed
RC2,DACORUM AND ST ALBANS COMMUNITY NHS TRUST,Closed
RLB,DARLINGTON MEMORIAL HOSPITAL NHS TRUST,Closed
RFP,DERBY CITY GENERAL HOSPITAL NHS TRUST,Closed
RKY,DERBYSHIRE AMBULANCE SERVICE NHS TRUST,Closed
RK8,DERBYSHIRE ROYAL INFIRMARY NHS TRUST,Closed
RP9,DERWEN NHS TRUST,Closed
RB3,DEVON AMBULANCE SERVICE NHS TRUST,Closed
RMW,DEWSBURY HEALTH CARE NHS TRUST,Closed
RWC,DONCASTER AND SOUTH HUMBER HEALTHCARE NHS TRUST,Closed
RCQ,DONCASTER HEALTHCARE NHS TRUST,Closed
RAG,DONCASTER ROYAL INFIRMARY AND MONTAGU HOSPITAL NHS TRUST,Closed
RHP,DORSET AMBULANCE NHS TRUST,Closed
RN6,DORSET COMMUNITY NHS TRUST,Closed
RNC,DUDLEY PRIORITY HEALTH NHS TRUST,Closed
RFA,DURHAM COUNTY AMBULANCE SERVICE NHS TRUST,Closed
RC3,EALING HOSPITAL NHS TRUST,Closed
RV2,"EALING, HAMMERSMITH AND FULHAM MENTAL HEALTH NHS TRUST",Closed
RMZ,EAST ANGLIAN AMBULANCE NHS TRUST,Closed
RHZ,EAST BERKSHIRE COMMUNITY HEALTH NHS TRUST,Closed
RD6,EAST BERKSHIRE NHS TRUST FOR PEOPLE WITH LEARNING DISABILITIES,Closed
RQG,EAST GLAMORGAN NHS TRUST,Closed
RA5,EAST GLOUCESTERSHIRE NHS TRUST,Closed
RC4,EAST HERTFORDSHIRE NHS TRUST,Closed
RTM,EAST KENT NHS AND SOCIAL CARE PARTNERSHIP TRUST,Closed
RV6,EAST MIDLANDS AMBULANCE SERVICE NHS TRUST,Closed
RGJ,EAST SUFFOLK LOCAL HEALTH SERVICES NHS TRUST,Closed
RHH,EAST SURREY HOSPITAL AND COMMUNITY HEALTHCARE NHS TRUST,Closed
RPU,EAST SURREY PRIORITY CARE NHS TRUST,Closed
RXD,EAST SUSSEX COUNTY HEALTHCARE NHS TRUST,Closed
RN2,EAST WILTSHIRE HEALTHCARE NHS TRUST,Closed
RMU,EAST YORKSHIRE COMMUNITY HEALTHCARE NHS TRUST,Closed
RF3,EAST YORKSHIRE HOSPITALS NHS TRUST,Closed
RGX,EASTBOURNE AND COUNTY HEALTHCARE NHS TRUST,Closed
RDL,EASTBOURNE HOSPITALS NHS TRUST,Closed
RHC,ENFIELD COMMUNITY CARE NHS TRUST,Closed
RA1,EPSOM HEALTH CARE NHS TRUST,Closed
RB4,ESSEX AMBULANCE SERVICE NHS TRUST,Closed
RQV,ESSEX AND HERTFORDSHIRE COMMUNITY NHS TRUST,Closed
REA,EXETER AND DISTRICT COMMUNITY HEALTH SERVICES NHS TRUST,Closed
RBG,FIRST COMMUNITY NHS TRUST,Closed
RDF,FOREST HEALTHCARE NHS TRUST,Closed
RFN,"FOSSE HEALTH, LEICESTERSHIRE COMMUNITY NHS TRUST",Closed
RQT,"FOSSE HEALTH, LEICESTERSHIRE COMMUNITY NHS TRUST",Closed
REB,FRENCHAY HEALTHCARE NHS TRUST,Closed
RM8,FURNESS HOSPITALS NHS TRUST,Closed
RB9,GATESHEAD COMMUNITY NHS TRUST,Closed
RM7,GATESHEAD HEALTHCARE NHS TRUST,Closed
RE2,GATESHEAD HOSPITALS NHS TRUST,Closed
RKG,GLAN CLWYD GENERAL HOSPITAL NHS TRUST,Closed
RKM,GLAN HAFREN NHS TRUST,Closed
RRT,GLAN-Y-MOR NHS TRUST,Closed
RFL,GLENFIELD HOSPITAL NHS TRUST,Closed
RB5,GLOUCESTERSHIRE AMBULANCE SERVICES NHS TRUST,Closed
R1J,GLOUCESTERSHIRE CARE SERVICES NHS TRUST,Closed
RH6,GLOUCESTERSHIRE ROYAL NHS TRUST,Closed
RJH,GOOD HOPE HOSPITAL NHS TRUST,Closed
RQU,GRANTHAM AND DISTRICT HOSPITAL NHS TRUST,Closed
RX5,GREAT WESTERN AMBULANCE SERVICE NHS TRUST,Closed
RMA,GREATER MANCHESTER AMBULANCE SERVICE NHS TRUST,Closed
RMG,GUILD COMMUNITY HEALTHCARE NHS TRUST,Closed
RKN,GWENT COMMUNITY HEALTH NHS TRUST,Closed
RVF,GWENT HEALTHCARE NHS TRUST,Closed
RQC,GWYNEDD COMMUNITY HEALTH NHS TRUST,Closed
RQB,GWYNEDD HOSPITALS NHS TRUST,Closed
RJS,HALTON GENERAL HOSPITAL NHS TRUST,Closed
RQN,HAMMERSMITH HOSPITALS NHS TRUST,Closed
RKD,HAMPSHIRE AMBULANCE SERVICE NHS TRUST,Closed
RC5,HAREFIELD HOSPITAL NHS TRUST,Closed
RP2,HARINGEY HEALTH CARE NHS TRUST,Closed
RQK,HARROW AND HILLINGDON HEALTHCARE NHS TRUST,Closed
RC6,HARROW COMMUNITY HEALTH SERVICES NHS TRUST,Closed
RRY,HARTLEPOOL AND EAST DURHAM NHS TRUST,Closed
RLJ,HARTLEPOOL AND PETERLEE HOSPITALS NHS TRUST,Closed
RLL,HARTLEPOOL COMMUNITY CARE NHS TRUST,Closed
RDM,HASTINGS AND ROTHER NHS TRUST,Closed
RG7,HAVERING HOSPITALS NHS TRUST,Closed
RR1,HEART OF ENGLAND NHS FOUNDATION TRUST,Closed
RD7,HEATHERWOOD AND WEXHAM PARK HOSPITALS NHS FOUNDATION TRUST,Closed
RPT,HEATHLANDS MENTAL HEALTH SERVICES NHS TRUST,Closed
RL5,HEREFORD AND WORCESTER AMBULANCE SERVICE NHS TRUST,Closed
REH,HEREFORDSHIRE COMMUNITY HEALTH NHS TRUST,Closed
RC7,HILLINGDON COMMUNITY HEALTH NHS TRUST,Closed
RCM,HINCHINGBROOKE HEALTH CARE NHS TRUST,Closed
RQQ,HINCHINGBROOKE HEALTH CARE NHS TRUST,Closed
RAY,HOMEWOOD NHS TRUST,Closed
RC8,HORIZON NHS TRUST,Closed
RH3,HORTON GENERAL HOSPITAL NHS TRUST,Closed
RFX,HOUNSLOW AND SPELTHORNE COMMUNITY AND MENTAL HEALTH NHS TRUST,Closed
RGB,HUDDERSFIELD HEALTH CARE SERVICES NHS TRUST,Closed
RMV,HULL AND HOLDERNESS COMMUNITY HEALTH NHS TRUST,Closed
RF5,HUMBERSIDE AMBULANCE SERVICE NHS TRUST,Closed
RYN,HYWEL DDA NHS TRUST,Closed
RR3,INVICTA COMMUNITY CARE NHS TRUST,Closed
RGQ,IPSWICH HOSPITAL NHS TRUST,Closed
RHL,ISLE OF WIGHT COMMUNITY HEALTHCARE NHS TRUST,Closed
RR2,ISLE OF WIGHT HEALTHCARE NHS TRUST,Closed
RPH,KENT AMBULANCE NHS TRUST,Closed
RGW,KENT AND CANTERBURY HOSPITALS NHS TRUST,Closed
RPD,KENT AND SUSSEX WEALD NHS TRUST,Closed
RJB,KIDDERMINSTER HEALTHCARE NHS TRUST,Closed
RPN,KINGSTON AND DISTRICT COMMUNITY NHS TRUST,Closed
RDT,LAMBETH HEALTHCARE NHS TRUST,Closed
RMD,LANCASHIRE AMBULANCE SERVICE NHS TRUST,Closed
REV,LANCASTER ACUTE HOSPITALS NHS TRUST,Closed
REW,LANCASTER PRIORITY SERVICES NHS TRUST,Closed
RFB,LEICESTER GENERAL HOSPITAL NHS TRUST,Closed
RFD,LEICESTER ROYAL INFIRMARY NHS TRUST,Closed
RKW,LEICESTERSHIRE AMBULANCE AND PARAMEDIC SERVICE NHS TRUST,Closed
RK2,LEICESTERSHIRE MENTAL HEALTH SERVICE NHS TRUST,Closed
RN9,LEWISHAM AND GUYS MENTAL HEALTH NHS TRUST,Closed
RAW,LIFECARE NHS TRUST,Closed
RGS,LIFESPAN HEALTH CARE CAMBRIDGE NHS TRUST,Closed
RRX,LINCOLN AND LOUTH NHS TRUST,Closed
RK4,LINCOLN DISTRICT HEALTHCARE NHS TRUST,Closed
RKZ,LINCOLN HOSPITALS NHS TRUST,Closed
RBX,LINCOLNSHIRE AMBULANCE AND HEALTH TRANSPORT SERVICE NHS TRUST,Closed
RY1,LIVERPOOL COMMUNITY HEALTH NHS TRUST,Closed
RKP,LLANDOUGH HOSPITAL AND COMMUNITY NHS TRUST,Closed
RKS,LLANELLI DINEFWR NHS TRUST,Closed
RK3,LOUTH AND DISTRICT HEALTHCARE NHS TRUST,Closed
RDN,MAIDSTONE PRIORITY CARE NHS TRUST,Closed
RJW,MANCUNIAN COMMUNITY HEALTH NHS TRUST,Closed
RM5,MANCUNIAN COMMUNITY HEALTH NHS TRUST,Closed
RMH,MENTAL HEALTH SERVICES OF SALFORD NHS TRUST,Closed
RB6,MERSEY REGIONAL AMBULANCE SERVICE NHS TRUST,Closed
RHF,MERTON AND SUTTON COMMUNITY NHS TRUST,Closed
RGL,MID ANGLIA COMMUNITY HEALTH NHS TRUST,Closed
RP3,MID ESSEX COMMUNITY AND MENTAL HEALTH NHS TRUST,Closed
RG5,MID ESSEX COMMUNITY HEALTH NHS TRUST,Closed
RDG,MID ESSEX HOSPITAL SERVICES NHS TRUST,Closed
RQ8,MID ESSEX HOSPITAL SERVICES NHS TRUST,Closed
RQE,MID GLAMORGAN AMBULANCE NHS TRUST,Closed
RG1,MID KENT HEALTHCARE NHS TRUST,Closed
RPS,MID SUSSEX NHS TRUST,Closed
RD9,MILTON KEYNES COMMUNITY HEALTH NHS TRUST,Closed
RQH,MORRISTON HOSPITAL NHS TRUST,Closed
RQL,MOUNT VERNON AND WATFORD HOSPITALS NHS TRUST,Closed
RAR,MOUNT VERNON HOSPITAL NHS TRUST,Closed
RCR,MULBERRY NHS TRUST,Closed
RQA,NEVILL HALL AND DISTRICT NHS TRUST,Closed
RDH,NEW POSSIBILITIES NHS TRUST,Closed
RNM,NEWCASTLE CITY HEALTH NHS TRUST,Closed
RAA,NEWCASTLE MENTAL HEALTH NHS TRUST,Closed
RNP,"NEWCASTLE, NORTH TYNESIDE AND NORTHUMBERLAND MENTAL HEALTH NHS TRUST",Closed
RRH,NEWHAM COMMUNITY HEALTH SERVICES NHS TRUST,Closed
RNH,NEWHAM UNIVERSITY HOSPITAL NHS TRUST,Closed
RYH,NHS DIRECT NHS TRUST,Closed
RBY,NORFOLK AMBULANCE NHS TRUST,Closed
RNL,NORTH CUMBRIA UNIVERSITY HOSPITALS NHS TRUST,Closed
RPM,NORTH DOWNS COMMUNITY HEALTH NHS TRUST,Closed
RLE,NORTH DURHAM ACUTE HOSPITALS NHS TRUST,Closed
RR9,NORTH DURHAM HEALTH CARE NHS TRUST,Closed
RVK,NORTH EAST AMBULANCE SERVICE NHS TRUST,Closed
RDJ,NORTH EAST ESSEX MENTAL HEALTH NHS TRUST,Closed
RF6,NORTH EAST LINCOLNSHIRE NHS TRUST,Closed
RT9,NORTH EAST WALES NHS TRUST,Closed
RJA,NORTH EAST WORCESTERSHIRE COMMUNITY HEALTHCARE NHS TRUST,Closed
RRD,NORTH ESSEX PARTNERSHIP UNIVERSITY NHS FOUNDATION TRUST,Closed
RRS,NORTH GLAMORGAN NHS TRUST,Closed
RHK,"NORTH HAMPSHIRE, LODDON COMMUNITY NHS TRUST",Closed
RAQ,NORTH HERTFORDSHIRE NHS TRUST,Closed
RPB,NORTH KENT HEALTHCARE NHS TRUST,Closed
RLF,NORTH LAKELAND HEALTHCARE NHS TRUST,Closed
RMK,NORTH MANCHESTER HEALTHCARE NHS TRUST,Closed
RES,NORTH MERSEY COMMUNITY NHS TRUST,Closed
RVT,NORTH SEFTON AND WEST LANCASHIRE COMMUNITY NHS TRUST,Closed
RCH,NORTH TEES HEALTH NHS TRUST,Closed
RLC,NORTH TYNESIDE HEALTH CARE NHS TRUST,Closed
RP8,NORTH WALES AMBULANCE SERVICE NHS TRUST,Closed
RYP,NORTH WALES NHS TRUST,Closed
RJJ,NORTH WARWICKSHIRE NHS TRUST,Closed
RRM,NORTH WARWICKSHIRE NHS TRUST,Closed
RGK,NORTH WEST ANGLIA HEALTH CARE NHS TRUST,Closed
RV8,NORTH WEST LONDON HOSPITALS NHS TRUST,Closed
RJ3,NORTH WEST LONDON MENTAL HEALTH NHS TRUST,Closed
RW7,NORTH WEST SURREY MENTAL HEALTH NHS PARTNERSHIP TRUST,Closed
RT7,NORTH WEST WALES NHS TRUST,Closed
RF9,NORTH YORKSHIRE AMBULANCE SERVICE NHS TRUST,Closed
RCA,NORTHALLERTON HEALTH SERVICES NHS TRUST,Closed
RNW,NORTHAMPTON COMMUNITY HEALTHCARE NHS TRUST,Closed
RLX,NORTHERN BIRMINGHAM COMMUNITY HEALTH NHS TRUST,Closed
RNF,NORTHERN BIRMINGHAM MENTAL HEALTH NHS TRUST,Closed
RAF,NORTHERN GENERAL HOSPITAL NHS TRUST,Closed
RM6,NORTHGATE AND PRUDHOE NHS TRUST,Closed
RCG,NORTHGATE NHS TRUST,Closed
RLM,NORTHUMBERLAND COMMUNITY HEALTH NHS TRUST,Closed
RE8,NORTHUMBERLAND MENTAL HEALTH NHS TRUST,Closed
RBW,NORTHUMBRIA AMBULANCE SERVICE NHS TRUST,Closed
RFZ,NORTHWICK PARK AND ST MARKS NHS TRUST,Closed
RMX,NORWICH COMMUNITY HEALTH PARTNERSHIP NHS TRUST,Closed
RCS,NOTTINGHAM CITY HOSPITAL NHS TRUST,Closed
RCT,NOTTINGHAM COMMUNITY HEALTH NHS TRUST,Closed
RK6,NOTTINGHAM HEALTHCARE NHS TRUST,Closed
RFC,NOTTINGHAMSHIRE AMBULANCE SERVICE NHS TRUST,Closed
RBF,NUFFIELD ORTHOPAEDIC CENTRE NHS TRUST,Closed
REX,OLDHAM NHS TRUST,Closed
RDP,OPTIMUM HEALTH SERVICES NHS TRUST,Closed
RNX,OXFORD RADCLIFFE HOSPITAL NHS TRUST,Closed
RNY,OXFORDSHIRE AMBULANCE NHS TRUST,Closed
RNV,OXFORDSHIRE COMMUNITY HEALTH NHS TRUST,Closed
RHX,OXFORDSHIRE LEARNING DISABILITY NHS TRUST,Closed
RDA,PARKSIDE NHS TRUST,Closed
RR6,PEMBROKESHIRE AND DERWEN NHS TRUST,Closed
RF1,PEMBROKESHIRE NHS TRUST,Closed
REC,PHOENIX NHS TRUST,Closed
RK1,PILGRIM HEALTH NHS TRUST,Closed
RR4,PINDERFIELDS AND PONTEFRACT HOSPITALS NHS TRUST,Closed
RGE,PINDERFIELDS HOSPITALS NHS TRUST,Closed
RED,PLYMOUTH COMMUNITY SERVICES NHS TRUST,Closed
RGG,PONTEFRACT HOSPITALS NHS TRUST,Closed
RVE,PONTYPRIDD AND RHONDDA NHS TRUST,Closed
RD3,POOLE HOSPITAL NHS FOUNDATION TRUST,Closed
RN4,PORTSMOUTH HEALTH CARE NHS TRUST,Closed
RKK,POWYS HEALTH CARE NHS TRUST,Closed
REJ,PREMIER HEALTH NHS TRUST,Closed
RNG,PREMIER HEALTH NHS TRUST,Closed
RMF,PRESTON ACUTE HOSPITALS NHS TRUST,Closed
RLH,PRIORITY HEALTHCARE WEARSIDE NHS TRUST,Closed
R0C,PROJECT NIGHTINGALE NHS TRUST,Closed
RG2,QUEEN ELIZABETH HOSPITAL NHS TRUST,Closed
RGZ,QUEEN MARY'S SIDCUP NHS TRUST,Closed
RFK,"QUEEN'S MEDICAL CENTRE, NOTTINGHAM UNIVERSITY HOSPITAL NHS TRUST",Closed
RDQ,RAVENSBOURNE NHS TRUST,Closed
RG4,REDBRIDGE HEALTH CARE NHS TRUST,Closed
RQD,RHONDDA HEALTH CARE NHS TRUST,Closed
RHG,"RICHMOND, TWICKENHAM AND ROEHAMPTON HEALTHCARE NHS TRUST",Closed
RPV,RIVERSIDE COMMUNITY HEALTH CARE NHS TRUST,Closed
RFY,RIVERSIDE MENTAL HEALTH NHS TRUST,Closed
REZ,ROCHDALE HEALTHCARE NHS TRUST,Closed
RNR,ROCKINGHAM FOREST NHS TRUST,Closed
RFG,ROTHERHAM PRIORITY HEALTH SERVICES NHS TRUST,Closed
RH1,ROYAL BERKSHIRE AMBULANCE SERVICE NHS TRUST,Closed
RPX,ROYAL BROMPTON HOSPITAL NHS TRUST,Closed
RF2,ROYAL HULL HOSPITALS NHS TRUST,Closed
RQ6,ROYAL LIVERPOOL AND BROADGREEN UNIVERSITY HOSPITALS NHS TRUST,Closed
RBM,ROYAL LIVERPOOL UNIVERSITY HOSPITAL NHS TRUST,Closed
RHD,ROYAL LONDON HOMOEOPATHIC HOSPITAL NHS TRUST,Closed
RAK,ROYAL LONDON HOSPITAL AND ASSOCIATED COMMUNITY SERVICES NHS TRUST,Closed
RBB,ROYAL NATIONAL HOSPITAL FOR RHEUMATIC DISEASES NHS FOUNDATION TRUST,Closed
RAM,"ROYAL NATIONAL THROAT, NOSE AND EAR HOSPITAL NHS TRUST",Closed
RLZ,ROYAL SHREWSBURY HOSPITALS NHS TRUST,Closed
RPR,ROYAL WEST SUSSEX NHS TRUST,Closed
RBJ,RUGBY NHS TRUST,Closed
RMJ,SALFORD COMMUNITY HEALTH CARE NHS TRUST,Closed
RNE,SANDWELL HEALTHCARE NHS TRUST,Closed
RCC,SCARBOROUGH AND NORTH EAST YORKSHIRE HEALTH CARE NHS TRUST,Closed
RF7,SCUNTHORPE AND GOOLE HOSPITALS NHS TRUST,Closed
RF8,SCUNTHORPE COMMUNITY HEALTH CARE NHS TRUST,Closed
RH7,SEVERN NHS TRUST,Closed
RTW,SHROPSHIRE'S COMMUNITY AND MENTAL HEALTH SERVICES NHS TRUST,Closed
RL2,SHROPSHIRE'S COMMUNITY HEALTH SERVICE NHS TRUST,Closed
RJK,SHROPSHIRE'S MENTAL HEALTH NHS TRUST,Closed
RL3,SOLIHULL HEALTHCARE NHS TRUST,Closed
RKV,SOUTH AND EAST WALES AMBULANCE NHS TRUST,Closed
RDB,SOUTH BEDFORDSHIRE COMMUNITY HEALTH CARE NHS TRUST,Closed
RND,SOUTH BIRMINGHAM MENTAL HEALTH NHS TRUST,Closed
RH2,SOUTH BUCKINGHAMSHIRE NHS TRUST,Closed
RE3,SOUTH CUMBRIA COMMUNITY AND MENTAL HEALTH NHS TRUST,Closed
RLP,SOUTH DURHAM HEALTH CARE NHS TRUST,Closed
RTA,SOUTH DURHAM HEALTH CARE NHS TRUST,Closed
RRW,SOUTH DURHAM NHS TRUST,Closed
RWN,SOUTH ESSEX PARTNERSHIP UNIVERSITY NHS FOUNDATION TRUST,Closed
RN8,SOUTH KENT COMMUNITY HEALTHCARE NHS TRUST,Closed
RPF,SOUTH KENT HOSPITALS NHS TRUST,Closed
RFQ,SOUTH LINCOLNSHIRE COMMUNITY AND MENTAL HEALTH SERVICES NHS TRUST,Closed
RVP,SOUTH LINCOLNSHIRE HEALTHCARE NHS TRUST,Closed
RYQ,SOUTH LONDON HEALTHCARE NHS TRUST,Closed
RW9,SOUTH OF TYNE AND WEARSIDE MENTAL HEALTH NHS TRUST,Closed
RE4,SOUTH TEES COMMUNITY AND MENTAL HEALTH NHS TRUST,Closed
RCJ,SOUTH TEES HOSPITALS NHS TRUST,Closed
RE9,SOUTH TYNESIDE NHS FOUNDATION TRUST,Closed
RTT,SOUTH WARWICKSHIRE COMBINED CARE NHS TRUST,Closed
REK,SOUTH WARWICKSHIRE HEALTH CARE NHS TRUST,Closed
RLS,SOUTH WARWICKSHIRE MENTAL HEALTH SERVICES NHS TRUST,Closed
RE1,SOUTH WEST DURHAM MENTAL HEALTH NHS TRUST,Closed
RVM,SOUTH WEST LONDON COMMUNITY NHS TRUST,Closed
RH9,SOUTH WORCESTERSHIRE COMMUNITY NHS TRUST,Closed
RB8,SOUTH YORKSHIRE AMBULANCE SERVICE NHS TRUST,Closed
RHS,SOUTHAMPTON COMMUNITY HEALTH SERVICES NHS TRUST,Closed
RDK,SOUTHEND COMMUNITY CARE SERVICES NHS TRUST,Closed
RLV,SOUTHERN BIRMINGHAM COMMUNITY HEALTH NHS TRUST,Closed
RW2,SOUTHERN DERBYSHIRE COMMUNITY AND MENTAL HEALTH SERVICES NHS TRUST,Closed
RFH,SOUTHERN DERBYSHIRE MENTAL HEALTH NHS TRUST,Closed
REE,SOUTHMEAD HEALTH SERVICES NHS TRUST,Closed
RJP,SOUTHPORT AND FORMBY COMMUNITY HEALTH SERVICES NHS TRUST,Closed
REQ,SOUTHPORT AND FORMBY HOSPITALS SERVICES NHS TRUST,Closed
RPW,ST ALBANS AND HEMEL HEMPSTEAD NHS TRUST,Closed
RER,ST HELENS AND KNOWSLEY COMMUNITY HEALTH NHS TRUST,Closed
RAZ,ST HELIER NHS TRUST,Closed
RQR,ST JAMES'S AND SEACROFT UNIVERSITY HOSPITAL NHS TRUST,Closed
RAD,ST JAMES'S UNIVERSITY HOSPITAL NHS TRUST,Closed
RHT,ST MARY'S HOSPITAL NHS TRUST,Closed
RJ5,ST MARY'S NHS TRUST,Closed
RDV,ST PETER'S HOSPITAL NHS TRUST,Closed
RB7,STAFFORDSHIRE AMBULANCE SERVICE NHS TRUST,Closed
R1E,STAFFORDSHIRE AND STOKE ON TRENT PARTNERSHIP NHS TRUST,Closed
RMS,STOCKPORT ACUTE SERVICES NHS TRUST,Closed
RMT,STOCKPORT HEALTHCARE NHS TRUST,Closed
RNT,STOKE MANDEVILLE HOSPITAL NHS TRUST,Closed
RT6,SUFFOLK MENTAL HEALTH PARTNERSHIP NHS TRUST,Closed
RPQ,SURREY AMBULANCE SERVICE NHS TRUST,Closed
RTJ,SURREY HAMPSHIRE BORDERS NHS TRUST,Closed
RQ1,SURREY HEARTLANDS NHS TRUST,Closed
RTN,SURREY OAKLANDS NHS TRUST,Closed
RQ2,SUSSEX AMBULANCE SERVICE NHS TRUST,Closed
RPK,SUSSEX WEALD AND DOWNS NHS TRUST,Closed
RKR,SWANSEA NHS TRUST,Closed
RVC,SWANSEA NHS TRUST,Closed
RMQ,TAMESIDE AND GLOSSOP COMMUNITY AND PRIORITY SERVICES NHS TRUST,Closed
RBA,TAUNTON AND SOMERSET NHS FOUNDATION TRUST,Closed
RRR,TEDDINGTON MEMORIAL HOSPITAL AND COMMUNITY NHS TRUST,Closed
RJ4,TEDDINGTON MEMORIAL HOSPITAL NHS TRUST,Closed
RVX,TEES AND NORTH EAST YORKSHIRE NHS TRUST,Closed
RV1,TEES EAST AND NORTH YORKSHIRE AMBULANCE SERVICE NHS TRUST,Closed
RTL,THAMES GATEWAY NHS TRUST,Closed
RG8,THAMESIDE COMMUNITY HEALTH CARE NHS TRUST,Closed
RDS,THAMESLINK HEALTHCARE SERVICES NHS TRUST,Closed
RGV,THANET HEALTH CARE NHS TRUST,Closed
RPJ,THE BETHLEM AND MAUDSLEY NHS TRUST,Closed
RQ9,THE BETHLEM AND MAUDSLEY NHS TRUST,Closed
RBH,THE FOUNDATION NHS TRUST,Closed
RAB,THE FREEMAN GROUP OF HOSPITALS NHS TRUST,Closed
RAV,THE GUYS AND LEWISHAM NHS TRUST,Closed
RQ7,THE MANCHESTER CHILDREN'S HOSPITALS NHS TRUST,Closed
RKF,THE PRINCESS ROYAL HOSPITAL NHS TRUST,Closed
RHV,THE RADCLIFFE INFIRMARY NHS TRUST,Closed
RDZ,THE ROYAL BOURNEMOUTH AND CHRISTCHURCH HOSPITALS NHS FOUNDATION TRUST,Closed
RCK,THE ROYAL VICTORIA INFIRMARY AND ASSOCIATED HOSPITALS NHS TRUST,Closed
RFM,THE WEST LINDSEY NHS TRUST,Closed
R1G,TORBAY AND SOUTHERN DEVON HEALTH AND CARE NHS TRUST,Closed
RRG,TOWER HAMLETS HEALTHCARE NHS TRUST,Closed
RM4,TRAFFORD HEALTHCARE NHS TRUST,Closed
RA8,TRECARE NHS TRUST,Closed
RHY,TWO SHIRES AMBULANCE NHS TRUST,Closed
RAC,UNITED LEEDS TEACHING HOSPITALS NHS TRUST,Closed
RQS,UNITED LEEDS TEACHING HOSPITALS NHS TRUST,Closed
RQP,UNIVERSITY COLLEGE LONDON HOSPITALS NHS TRUST,Closed
RRA,UNIVERSITY DENTAL HOSPITAL NHS TRUST,Closed
RM2,UNIVERSITY HOSPITAL OF SOUTH MANCHESTER NHS FOUNDATION TRUST,Closed
RVG,UNIVERSITY OF WALES AND LLANDOUGH HOSPITAL NHS TRUST,Closed
RGF,WAKEFIELD AND PONTEFRACT COMMUNITY HEALTH NHS TRUST,Closed
RJM,WALSALL COMMUNITY HEALTH NHS TRUST,Closed
REL,WALSGRAVE HOSPITAL NHS TRUST,Closed
RPP,WANDSWORTH COMMUNITY HEALTH NHS TRUST,Closed
RJQ,WARRINGTON COMMUNITY HEALTH CARE NHS TRUST,Closed
RKC,WARRINGTON HOSPITAL NHS TRUST,Closed
RPE,WEALD OF KENT COMMUNITY NHS TRUST,Closed
RDC,WELLHOUSE NHS TRUST,Closed
RH4,WEST BERKSHIRE PRIORITY CARE SERVICES NHS TRUST,Closed
RL8,WEST CHESHIRE NHS TRUST,Closed
RE7,WEST CUMBRIA HEALTH CARE NHS TRUST,Closed
RBE,WEST DORSET COMMUNITY HEALTH NHS TRUST,Closed
RBC,WEST DORSET MENTAL HEALTH NHS TRUST,Closed
RQJ,WEST HERTS COMMUNITY HEALTH NHS TRUST,Closed
RXJ,WEST KENT NHS AND SOCIAL CARE TRUST,Closed
RJV,WEST LANCASHIRE NHS TRUST,Closed
RFV,WEST LONDON HEALTHCARE NHS TRUST,Closed
RFW,WEST MIDDLESEX UNIVERSITY HOSPITAL NHS TRUST,Closed
RKA,WEST MIDLANDS AMBULANCE SERVICE NHS TRUST,Closed
RW8,WEST SUSSEX HEALTH AND SOCIAL CARE NHS TRUST,Closed
RRC,WEST WALES AMBULANCE NHS TRUST,Closed
RGH,WEST YORKSHIRE METROPOLITAN AMBULANCE SERVICE NHS TRUST,Closed
RJ9,WESTCOUNTRY AMBULANCE SERVICES NHS TRUST,Closed
RE5,WESTMORLAND HOSPITAL NHS TRUST,Closed
RA3,WESTON AREA HEALTH NHS TRUST,Closed
RCW,WESTON PARK HOSPITAL NHS TRUST,Closed
RDW,WEYBOURNE COMMUNITY NHS TRUST,Closed
RGC,WHIPPS CROSS UNIVERSITY HOSPITAL NHS TRUST,Closed
RJY,WIGAN AND LEIGH HEALTH SERVICES NHS TRUST,Closed
RHR,WILTSHIRE AMBULANCE SERVICE NHS TRUST,Closed
RVQ,WILTSHIRE AND SWINDON HEALTH CARE NHS TRUST,Closed
RD4,WILTSHIRE HEALTH CARE NHS TRUST,Closed
RN1,WINCHESTER AND EASTLEIGH HEALTHCARE NHS TRUST,Closed
RR5,WIRRAL AND WEST CHESHIRE COMMUNITY NHS TRUST,Closed
RL9,WIRRAL COMMUNITY HEALTHCARE NHS TRUST,Closed
RQ5,WOLVERHAMPTON HEALTH CARE NHS TRUST,Closed
RJG,WOLVERLEY NHS TRUST,Closed
RLR,WORCESTER ROYAL INFIRMARY NHS TRUST,Closed
RRZ,WORCESTERSHIRE COMMUNITY HEALTHCARE NHS TRUST,Closed
RWQ,WORCESTERSHIRE MENTAL HEALTH PARTNERSHIP NHS TRUST,Closed
RPL,WORTHING AND SOUTHLANDS HOSPITALS NHS TRUST,Closed
RHJ,WORTHING PRIORITY CARE SERVICES NHS TRUST,Closed
RKH,WREXHAM MAELOR HOSPITAL NHS TRUST,Closed
REY,WRIGHTINGTON HOSPITAL NHS TRUST,Closed
